first_name,last_name,email,_uid
Heather,Derek,{'reference': ['first_name']}.{'reference': ['last_name']}@email.com,166617ca-7e33-4f2d-a7e3-f87e858c13a9
Randall,Sean,{'reference': ['first_name']}.{'reference': ['last_name']}@email.com,c5333bef-54b3-49b0-863f-8c28897a09a5
Michelle,Donna,{'reference': ['first_name']}.{'reference': ['last_name']}@email.com,8b95835b-fbc2-4501-9c11-fd7e5b5906d4
Mitchell,Zachary,{'reference': ['first_name']}.{'reference': ['last_name']}@email.com,c485f32f-bbda-48e9-88d8-b98703492d48
Jessica,Monica,{'reference': ['first_name']}.{'reference': ['last_name']}@email.com,8b18d44b-d947-42f3-b7e9-b733f2381b77
Christine,Lucas,{'reference': ['first_name']}.{'reference': ['last_name']}@email.com,ef274689-2d52-40fd-9c28-29a2162b12cb
Aaron,Cody,{'reference': ['first_name']}.{'reference': ['last_name']}@email.com,683053a3-bb31-45d5-886a-4e9a80b4efd4
David,William,{'reference': ['first_name']}.{'reference': ['last_name']}@email.com,25f19f10-6ff5-4d94-8410-812fdd80c68f
Roberta,Douglas,{'reference': ['first_name']}.{'reference': ['last_name']}@email.com,6d2ab24e-7a73-4466-a710-29417321ee75
Frank,Jacob,{'reference': ['first_name']}.{'reference': ['last_name']}@email.com,573b2658-fb1d-416a-bf8d-b131aab59da9
Renee,Christina,{'reference': ['first_name']}.{'reference': ['last_name']}@email.com,80c9f72b-8ace-4190-b37a-b16179558d8f
Morgan,Emily,{'reference': ['first_name']}.{'reference': ['last_name']}@email.com,7e9547e3-1064-46a0-a853-a33ef9f7c582
Jared,Dawn,{'reference': ['first_name']}.{'reference': ['last_name']}@email.com,6c948706-0abf-415e-8d0b-79ce6c00fc04
Gregory,Rebecca,{'reference': ['first_name']}.{'reference': ['last_name']}@email.com,754cc101-c054-4f9c-9ceb-0a9f6d1a0d11
Valerie,Alexander,{'reference': ['first_name']}.{'reference': ['last_name']}@email.com,77dcccf7-98e4-4c66-87b0-cb00f8c494e7
Michael,Warren,{'reference': ['first_name']}.{'reference': ['last_name']}@email.com,273052a0-cd4d-4d5d-8234-cf06f43bfa37
Nicole,Theresa,{'reference': ['first_name']}.{'reference': ['last_name']}@email.com,00c0f974-49ab-4ec5-b87b-173b150c01c4
William,Thomas,{'reference': ['first_name']}.{'reference': ['last_name']}@email.com,2b8c4104-79c3-4cf1-a379-d76692c25ccb
Stacey,Jerry,{'reference': ['first_name']}.{'reference': ['last_name']}@email.com,8c6e8bcb-6615-4a17-ac84-e239b945f129
Terri,Amanda,{'reference': ['first_name']}.{'reference': ['last_name']}@email.com,b7a5740e-88d9-49ff-bb80-15b35463a166
